Date_of_Failure,Startup,Idea,Reason_for_Failure,Full_Story,Founder,Startup_link,Full_story_link,Founder_link
 July 2018,Oratio,"Oratio helps businesses to connect with their customers on messengers like WhatsApp, Facebook Messenger, Telegram and others through personal conversations and chatbots",Too much dependency on other platforms,From hero to zero — closing my 3rd startup,@pichsenmeister,https://www.crunchbase.com/organization/orat-io,https://medium.com/@pichsenmeister/from-hero-to-zero-closing-my-3rd-startup-9397840298d9,https://twitter.com/pichsenmeister?source=user_profile----------------------------
 May 2018,Knowmads.capetown,Leadership programmes,Legal and Financial constraints,Thanks for being my first ,,,http://www.knowmads.capetown/uncategorized/thanks-for-being-our-first/,
 March 2018,Shyp,Provides shipping services that ranges from picking-up the package to delivering it to the destination.,Wrong target audience ,I Can’t Wait for You to See What We Do Next by Founder ,@kevingibbon,https://www.crunchbase.com/organization/shyp,https://www.linkedin.com/pulse/i-cant-wait-you-see-what-we-do-next-kevin-gibbon/,https://twitter.com/kevingibbon
 January 2018,Kaitek,"Kaitek developed bacterial sensors for food safety. The first product: a rapid detection kit for shellfish toxicity, based on synthetic biology.",Technology couldn't scale properly,An autopsy for my first startup,@emiliadiazCL,https://www.crunchbase.com/organization/kaitek-labs,https://emiliadiaz.cl/2018/01/22/kaitek-post-mortem/,https://twitter.com/EmiliaDiazCL
 January 2018,Pepup World,"Connecting local retail shops with nearby customers, later on pivoted on niche segment, then closed",Market in India was not ready,Case study on Pepupworld.com,,,http://www.shutups.in/Pepupworld.aspx,
 January 2018,Hubrif,Hubrif was an online distributor of African short films and a one-stop film festival submission gateway platform for African filmmakers,"Founders constant disagreement over management duties, small market size and users as well as failure to find ways to monetize.","... And finally, its time to go home.",@hubrif,,https://radar.techcabal.com/t/and-finally-its-time-to-go-home/15493,https://twitter.com/hubrif
December 2017,Vidme,Video sharing platform,Couldn’t find a path to sustainability,Goodbye for now,@wwshaef,https://www.crunchbase.com/organization/bit-kitchen,https://medium.com/vidme/goodbye-for-now-120b40becafa,https://twitter.com/wwshaef?lang=en
 November 2017,Sharkius,"Sharkius Games was an internet games company based in London UK, which aimed to create engaging and meaningful social experiences.","Some fatal mistakes when hiring employees and managing the team, as well as lack of marketing experience, were the causes of its failure.",From $80k/month to failure: How Sharkius bit off more than it could chew,@simplydt,https://www.crunchbase.com/organization/kramaley-games,https://failory.com/interview/sharkius,https://twitter.com/simplydt
 October 2017,Walnut,A better moving company,Great user experience came at the cost of poor unit economics,Why we're closing Walnut,@nickbkim,https://angel.co/walnut-3,https://medium.com/@nickbkim/why-were-closing-walnut-a452225e7127,https://twitter.com/nickbkim
 September 2017,Juicero,Inventor of the first home cold-pressed juicing system,No Sustainable Business Model,Silicon Valley’s $400 Juicer May Be Feeling the Squeeze,@iamdougevans,https://www.crunchbase.com/organization/juicero,https://www.bloomberg.com/news/features/2017-04-19/silicon-valley-s-400-juicer-may-be-feeling-the-squeeze,https://twitter.com/iamdougevans
 September 2017,ReadByHumans,"Converted articles, in to human-read audio on demand.",Economics of the business did not work.,"How I in-validated a business idea in 3 months with little code, while traveling the world ",@ksaitor,https://www.crunchbase.com/organization/readbyhumans,https://medium.com/@ksaitor/how-i-in-validated-a-business-idea-in-3-months-with-little-code-while-traveling-the-world-7a94783a2fba,https://www.crunchbase.com/organization/readbyhumans
 July 2017,Washio,Washio was an on-demand laundry service,"Thin margins, quality service issues, and fierce competition from similar startups.",Why did Washio fail?,@mrjmetz,https://www.crunchbase.com/organization/washio,https://collapsed.co/startups/washio,https://twitter.com/mrjmetz
 July 2017,Yik Yak,Yik Yak is a location-based social network that helps you connect with the people around you.,struggled to keep users on its platform,The Yik Yak App is Officially Dead,,https://www.crunchbase.com/organization/yik-yak,http://uk.businessinsider.com/yik-yak-shuts-down-2017-4,
 May 2017,Sprig,Sprig is an online app provides healthy organic meals delivered in 15 minutes.,the complexity of owning meal production through delivery at scale was a challenge.,7 startups that were massively funded that died in 2017,,https://www.crunchbase.com/organization/sprig-2#/entity,http://www.businessinsider.com/startups-that-raised-148-billion-have-shut-down-or-may-soon-2017-7/?r=AU&IR=T/#sprig2013-may-2017-5,http://twitter.com/@tnybnk
 March 2016,Quanttus,Not the founder. Looks like blood pressure on the wrist.,Product failure,Health-Tracking Startup Fails to Deliver on Its Ambitions,@Shahid_Azim,http://www.crunchbase.com/organization/quanttus#/entity,http://www.technologyreview.com/s/601029/health-tracking-startup-fails-to-deliver-on-its-ambitions/,http://twitter.com/@Shahid_Azim
 February 2017,Echelon Exchange,algorithmic online stock exchange  ,"Lack of passion, no SWOT analysis, regulatory concerns, overly complex, revolutionary doesn't equal value",why my startup failed,,,http://nonsensefrommichael.blogspot.com/2017/02/why-my-startup-failed.html,
 January 2017,RethinkDB,NoSQL database,Picked a terrible market and optimized the product for the wrong metrics of goodness.,RethinkDB: why we failed,@spakhm,https://www.crunchbase.com/organization/rethinkdb#/entity,https://www.defmacro.org/2017/01/18/why-rethinkdb-failed.html,http://twitter.com/@spakhm
 November 2016,Gigger,"Online gig booking system for bands, promoters, and venues.",Market resistance and not enough customer development,Post Mortem: Gigger Rocked,@antman261,https://www.crunchbase.com/organization/gigger-2#/entity,http://www.startupnews.com.au/2016/11/04/post-mortem-gigger-rocked/,https://twitter.com/Antman261
 October 2016,Spinvite,Event invitation and sharing,Spent entire seed fund on fancy development of untested product.,Spinvite - The Party's Over,@ohmygodrey,http://angel.co/spinvite,https://audreyledoux.com/2016/10/25/spinvite_postmortem/,https://twitter.com/ohmygodrey
 September 2016,Fuhu,Childrens tablets and apps.,Slim profit margins that couldn't cover overhead., The Swift Rise--and Fall--of America's One-Time Fastest-Growing Company,,https://www.crunchbase.com/organization/fuhu,http://www.inc.com/magazine/201609/lindsay-blakely-burt-helm/2016-inc5000-unraveling-of-fuhu.html,
 August 2016,GamersTube.com,First HD cross-compatible video host just for gamers. ,"lack of investment, heavily competitive environment","The story of a live game streaming network that ran from 2006 but closed in 2013, a year before Twitch, which started in 2011, sold to Amazon for $970 million. ""Pioneers get slaughtered and the settlers proper""",@youngbloodjoe,http://GamersTube.com,https://np.reddit.com/r/Entrepreneur/comments/504wjz/we_hear_a_lot_about_the_success_stories_on_here_i/d71d1vo/,https://twitter.com/YoungbloodJoe
 August 2016,Shipbeat,A single platform for e-commerce logistics.,We failed in building a logistics setup that we could power up with software,Shipbeat Post-Mortem,@svenningsen,http://angel.co/shipbeat,https://medium.com/entrepreneurial-laundry/shipbeat-post-mortem-c0545780c73f#.deolbgvl9,https://twitter.com/svenningsen
 June 2016,Brisk.io,"Recommend actions to salespeople from their data (CRM, email, etc)",Lack of focus and couldn't e,Turning the page: What we learned at Brisk,@hajak,http://Brisk.io,https://hajak.se/turning-the-page-what-we-learned-at-brisk-299467b11b69#.by15rwws8,https://twitter.com/hajak
 June 2016,sociavstre.am,Aggregate Instagram content by both location and hashtag,Reliance on third party API,Why we killed our latest startup,@bamcreative,http://sociavstre.am,http://www.startupnews.com.au/2016/05/30/killed-latest-startup/,https://twitter.com/bamcreative
 May 2016,cookisto,Cookisto is an online community marketplace for homemade food.,retention rate wasn’t good enough,Six up-and-coming start-ups on what makes for a successful business,,https://www.crunchbase.com/organization/cookisto,https://next.ft.com/content/8b1f84de-0230-11e6-99cb-83242733f755,
 May 2016,Vym,Review GitHub Pull Requests with a slide show without leaving GitHub,It failed to find market fit after launch,What I Learned From an Unsuccessful Launch: Vym,mikeswcho,,https://sungwoncho.io/lessons-from-building-vym/,https://twitter.com/mikeswcho
 March 2016,SpoonRocket,on-demand food delivery,Lack of sustainable profit margin,What Founders Can Learn From SpoonRocket’s Demise,,,https://www.linkedin.com/pulse/what-founders-can-learn-from-spoonrockets-demise-caroline-fairchild?trk=eml-b2_content_ecosystem_digest-hero-14-null&midToken=AQEMlmMXBI0fCg&fromEmail=fromEmail&ut=3mSveUHZS7Rn81,
 February 2016,Eulergy,connect university research with businesses,"It was extremely difficult to market to students, PHD and Post-doc researchers",Eulergy closes it's digital doors,@benbyford,,http://blog.eulergy.com/posts/eulergy-closes-it-s-digital-doors/,https://twitter.com/benbyford
 January 2016,Sharingear,A p2p marketplatform for music instruments and backline rental,"Market too small, ran out of cash ",The entrepreneurial roller coaster ride,@MirceaGEftemie,,https://medium.com/@mirceagabrieleftemie/the-highs-and-lows-of-entrepreneurship-5e786cac9d59#.59jt79k01,https://twitter.com/MirceaGEftemie
Nov 2015,HouseThis,India's first NRI-focused Real Estate portal,Lost focus on the product,Lessons I learnt from failing at my first startup,,,http://yourstory.com/2015/11/lessons-failing-startup/,
Oct 2015,Homejoy,Home cleaning service.,High cost of customer acquisition,Homejoy at the Unicorn Glue Factory,@nolimits,https://www.crunchbase.com/organization/homejoy,https://medium.com/backchannel/why-homejoy-failed-bb0ab39d901a#.dyrj3fltj,https://twitter.com/nolimits
Oct 2015,EverythingMe,Adds Contextual capabilities to mobile phones,No business model,"Popular Israeli app launcher EverythingMe closes down, most of staff let go",,https://www.crunchbase.com/organization/everythingme,http://www.geektime.com/2015/10/25/popular-israeli-app-launcher-everythingme-closes-down-most-of-staff-let-go/,
Aug 2015,Zirtual,Unlimited virtual assistant tasks for a monthly price,Burn rate,Zirtual: What Happened and What’s Next,@marenkate,https://angel.co/zirtual,https://medium.com/@marenkate/zirtual-what-happened-and-what-s-next-f9bd493ecc49,http://twitter.com/marenkate
Aug 2015,PoliMobile,Mobile marketing for political campaigns,Ahead of it's time,Timing is everything--especially in startups.,@curtprins,https://angel.co/polimobile,http://www.curtprins.com/timing-is-everything/,http://twitter.com/curtprins
Aug 2015,Last Guide Co.,Apps that encouraged real world interactions,Failure to adhere to the original vision,"Gowalla founder Josh Williams shutters Last, a company that made apps to help you go outside",@jw,https://www.crunchbase.com/organization/last-guide#/entity,http://venturebeat.com/2015/08/10/gowalla-founder-josh-williams-shutters-last-a-company-that-made-apps-to-help-you-go-outside/,http://twitter.com/jw
Jun 2015,alikolo,e-Commerce Marketplace,Internal problem & wrong positioning in market,This guy’s story of failing in Indonesia is refreshingly honest. Now he’s getting up and trying again,@dannytaniwan,https://www.crunchbase.com/organization/alikolo-com,https://www.techinasia.com/danny-taniwan-alikolo-startup-failure-indonesia/,http://twitter.com/dannytaniwan
Jun 2015,Circa News,mobile news app,"Lack of funding, no buyers",Farewell to Circa News,@mg,https://www.crunchbase.com/organization/circa,https://medium.com/circa/farewell-to-circa-news-7d002150f74b,http://twitter.com/mg
Jun 2015,Tale of Tales,Create narrative based video games.,Costs were higher than income,And the sun sets...,,https://www.crunchbase.com/organization/tale-of-tales,http://taleoftales.tumblr.com/post/122153044077/and-the-sun-sets,
Jun 2015,Paid for Stripe,Most popular 3rd party app for Stripe for 2 years,Stripe built their own app.,End of Life of an App,@ryanscherf,https://angel.co/paid-for-stripe,https://medium.com/@ryanscherf/end-of-life-of-an-app-ab41940c03be,http://twitter.com/ryanscherf
Jun 2015,Lumos,Machine learning enabled smart electrical switches,Overestimated machine learning & underestimated efforts in converting a prototype to fully functional hardware product,5 Reasons Why My IoT Startup Failed,@yashpkotak,https://angel.co/lumos-1,https://medium.com/@yashpkotak/5-reasons-why-my-iot-startup-failed-19c5537e61e1,http://twitter.com/yashpkotak
Jun 2015,Rate My Speech,Improve people's public speaking skills,"Lack of problem-solution fit, no real team, too much ego.","Let it go, let it go… Sunset of my first startup: ratemyspeech.co",@aszig,https://angel.co/rate-my-speech,https://medium.com/@aszig/let-it-go-let-it-go-sunset-of-my-first-startup-ratemyspeech-co-f79b1d72c482,http://twitter.com/aszig
Jun 2015,RewardMe,Loyalty platform for restaurants and retailers,Premature scaling and founder misalignment,Premature scaling killed us,@junloayza,https://www.crunchbase.com/organization/rewardme,http://www.junloayza.com/startup-tips/premature-scaling/,http://twitter.com/junloayza
Jun 2015,UDesign,Create & buy beautifully patterned women's clothing from your phone.,"We didn't stick to our original vision, and let spending get out of control.","We went from fashion-tech prodigies to flaming heap of Jichael Meffries-inspired detritus in 1 short, emotional year.",@econstreams,,https://medium.com/@Santafebound/my-startup-failed-and-this-is-how-it-went-down-c9654d23c5be,http://twitter.com/econstreams
Jun 2015,Fastr,Whatsapp for Customer Service,"Wrong approach, wrong target market",Fastr - Pitch,@gregdsouza,,http://www.slideshare.net/gregdsouza/fastr-whatsapp-for-customer-service,http://twitter.com/gregdsouza
Jun 2015,GuGo,A group-centric social intelligence platform,"Cofounder disagreements, couldn't secure funding",How to Learn From Your Mistakes in a Tech Startup in Order to Succeed,@shermanbiz,https://www.crunchbase.com/organization/gugo,http://www.examiner.com/article/how-to-learn-from-your-mistakes-a-tech-startup-order-to-succeed,http://twitter.com/shermanbiz
May 2015,Wattage,easily create customized hardware in your browser,run out of cash,"Well, We Failed",@jeremybell,,https://medium.com/inside-wattage/well-we-failed-77e795e16ecf,http://twitter.com/jeremybell
May 2015,Allmyapps,First appstore for Windows PC,"not enough time spent on vision in the early days, too early marketing spending, too many early hires, and a lot more...",Allmyapps — Story of an Almost Successful French Startup,@thibauld,https://www.crunchbase.com/organization/allmyapps,https://medium.com/@thibauld/allmyapps-story-of-an-almost-successful-french-startup-9666479871,https://twitter.com/thibauld?lang=en
May 2015,BitShuva Radio,Pandora for niche music genres and indie bands,it should have been a platform,My startup's dead! 5 things I learned,@judahgabriel,,https://debuggerdotbreak.wordpress.com/2015/05/21/my-startups-dead-5-things-i-learned/,https://twitter.com/judahgabriel
Apr 2015,Remember,Living scrapbook for your family's memories.,No market,Why My Startup Failed And What I Learned From It,@iadriantan,https://angel.co/remember,http://www.jfdi.asia/blog/adrian-tan-why-my-startup-failed,http://twitter.com/iadriantan
Apr 2015,SellanApp,Crowdsourced mobile app publishing,3 seed rounds without improving business model.,"What I’ve learned, 6 months after bankruptcy",@Milann,https://angel.co/sellanapp-2,https://medium.com/@milann/what-i-ve-learned-6-months-after-bankruptcy-2a0a3a053fa3,http://twitter.com/Milan
Apr 2015,KOLOS,The first iPad racing wheel,Not something people wanted,"Kolossal failure: 10 lessons I learned from burning through $50,000 on a hardware project that bombed",@k_ivaylo,https://angel.co/kolos,http://tech.eu/features/4346/kolos-kickstarter-story,http://twitter.com/k_ivaylo
Apr 2015,Bluebird,Squarespace w/open source software & templates,lack of financial & operational controls / inexperienced management,The Art of Embracing Epic Failure,@joshsimmons,,http://soundcloud.com/thenakedfreelancer/ep-002-the-art-of-embracing-epic-failure-with-josh-simmons,http://twitter.com/joshsimmons
Apr 2015,Secret,share personal secrets anonymously,does not represent the vision when starting the company,Sunset,@davidbyttow,https://www.crunchbase.com/organization/secret,https://medium.com/secret-den/sunset-bc18450478d5,https://twitter.com/davidbyttow
Mar 2015,Bawte,One place. Everything you own. Forever.,Customers were not adopting software = no income,Saying Goodbye,@bawte,,,http://twitter.com/bawte
Mar 2015,Patterbuzz,unbundle content & let users purchase single articles by enabling micro-payments,success with concept but could not secure funding,Patterbuzz - Down but not out ...,@amitgoel1287,https://www.crunchbase.com/organization/patterbuzz,http://patterbuzz.com/2015/03/down-but-not-out/,http://twitter.com/amitgoel1287
Mar 2015,Kiniku,"Read your body's muscle electrical signals, and control things with it",co-founders tried to do more than one startup at once,Control things with your muscles,@dnghiem,,https://hackaday.io/project/4716-control-things-with-your-muscles,https://twitter.com/dnghiem
 February 2015,Qhojo,AirBnB for camera and video gear.,Risk reward ratio too high for lenders.,Startup mistakes,@manishsinhaha,,http://dopeboy.github.io/Lessons/,http://twitter.com/manishsinhaha
Feb 2015,Stereomood,Mood based music curation & recommendation,Unsustainable business model for music licensing fees,The last song for Stereomood’s founders ,@danimelquiades,https://www.crunchbase.com/organization/stereomood,https://medium.com/@stereomoodteam/the-last-song-for-stereomood-s-founders-b9c2b2ac0cf0,http://twitter.com/danimelquiades
Feb 2015,ComboCats,platform for turn-based multiplayer games,consequences of Russia-Ukraine conflict,Postmortem: Traps for Friends - our attempt at fair IAP multiplayer,@ivmirx,https://angel.co/ivm,http://gamasutra.com/blogs/IvanMir/20150217/236560/Postmortem_Traps_for_Friends__our_attempt_at_fair_IAP_multiplayer.php,https://twitter.com/ivmirx
Feb 2015,College Inside View,Provide more detailed student reviews of colleges,I couldn't get enough reviews,Case study of a failed startup,@adamzerner,https://angel.co/college-inside-view,https://medium.com/@adamzerner/case-study-of-a-failed-startup-37db342df2bf,https://github.com/adamzerner
Feb 2015,DeviceFidelity,Contactless payments / NFC for iphone,Apple built NFC into new product line,www.nfcworld.com/tag/devicefidelity/,@amit_df,https://www.crunchbase.com/organization/devicefidelity,http://www.nfcworld.com/tag/devicefidelity/,http://twitter.com/amit_df
Jan 2015,Kinly,Create a private social network for families.,We didn't solve for distribution.,The idea is dead. Long live the idea.,@donsmithmier,,https://medium.com/@donsmithmier/the-idea-is-dead-long-live-the-idea-b9bc132d6f50,http://twitter.com/donsmithmier
Jan 2015,Cusoy,curated restaurant finder for people with food allergies ,No clear or predictable way to sustainability,Cusoy: A postmortem,@melissatsang,https://angel.co/cusoy,http://melissatsang.com/2014/01/15/cusoy-a-postmortem/,https://twitter.com/melissatsang
Jan 2015,Starthead,Crowdfunding service for the whole world from Czech Republic,We were naive idiots,"The idea of giving up is worse than of it killing me: How $150,000 post-it came to be?",@michalsobel,,http://michalsobel.com/en/experiences/the-idea-of-giving-up-is-worse-than-of-it-killing-me-how-150-000-post-it-came-to-be,http://twitter.com/michalsobel
Jan 2015,Poliana,Visualize political influence,Don't do politics unless you're ok to be non-profit,The life and death of a political startup,@cereallarceny,https://www.crunchbase.com/organization/poliana,http://www.poliana.com,https://twitter.com/cereallarceny
Dec 2014,Zagreb Cohousing,"Coliving space in Zagreb, Croatia","Wrong place, wrong target",Zagreb Cohousing FAIL,,,http://svedic.org/personal/zagreb-cohousing-fail,
Nov 2014,Springpad,digital notebooks,not able to scale to become a self-sustaining business,Springpad says goodbye,@jacq_hampton,https://www.crunchbase.com/organization/spring-partners,https://www.foowebs.com/p142-Springpad-Says-Goodbye---Note-App-Alternatives,https://twitter.com/jacq_hampton
Oct 2014,Keep Fit Stay Sane,An Online Emotional Gym,Couldn't find a market,Startup postmortem: Keep Fit Stay Sane,@gentlemantech,,http://www.startupnews.com.au/2014/10/29/startup-post-mortem-keep-fit-stay-sane/,https://twitter.com/gentlemantech
Oct 2014,Shwrüm,OpenTable for Apparel Shopping,Too early + ran out of cash,22 Mistakes I Made As A First Time Founder,@ViableBen,http://angel.co/shwrum,http://www.viabilify.com/blog/mistakes,http://twitter.com/ViableBen
Oct 2014,Amiloom,device forms network of people w/common friends,cannot be clearly explained in 3 seconds,3 Reasons Why My Tech Startup Failed,@andershsi,,https://medium.com/@andershsi/3-reasons-why-my-tech-startup-failed-fa19919a565a,http://twitter.com/andershsi
Oct 2014,Wishareit,Find and buy gifts with/for friends. ,Early hires + Didn't validate Business Model,5 Mistakes I Made Launching a Startup,@joaoromaolx,https://www.crunchbase.com/organization/wishareit,http://blog.getsocial.io/5-mistakes-i-made-launching-a-startup/#gs.28465420ef1244cabdfe053383c1ba1a,http://twitter.com/joaoromaolx
Sep 2014,Emjoyment,tinder for jobs,99 reasons but a bit (code) ain’t one,99 Problems But A Bit Ain’t One: Why My Startup Failed,@asaven41690,https://www.crunchbase.com/organization/emjoyment,https://medium.com/adventures-in-consumer-technology/99-problems-but-a-bit-aint-one-why-my-startup-failed-9367978a6bf3,https://twitter.com/asaven41690
Aug 2014,Dinnr,same day ingredient delivery service,simply didn't have legs,"Seven lessons I learned from the failure of my first startup, Dinnr",@michalbohanes,https://www.crunchbase.com/organization/dinnr,https://medium.com/@michalbohanes/seven-lessons-i-learned-from-the-failure-of-my-first-startup-dinnr-c166d1cfb8b8,https://twitter.com/mbohanes
Aug 2014,Licensario,Billing system for SaaS,Bad marketing,The mistakes that killed my startup,@gilsadis,https://angel.co/licensario,http://gilsadis.com/2014/08/28/the-mistakes-that-killed-my-startup/,http://twitter.com/gilsadis
Aug 2014,X-Face,Put your face on characters.,Didn't solve a problem we cared about,What we have learned from our failed Startup,@demirbyilmaz,,https://medium.com/@demirb/what-we-have-learned-from-our-failed-startup-1f52c94aa964,http://twitter.com/demirbyilmaz
 July 2014,Fab.com (Hem Design),Flash sales of uniqly designed products,Too fast expansion,The Rise and Fall of Fab.com: A Cautionary Tale for Every Entrepreneur ,https://twitter.com/betashop,https://www.crunchbase.com/organization/fab-com,http://netonomy.net/2014/10/26/the-rise-and-fall-of-fab-com-cautionary-tale-entrepreneur/,https://twitter.com/betashop
Jul 2014,Moped,make messaging more web-friendly,we didn't build something that enough people wanted,Launching Sidestage After Failing At My First Startup,@schuylerd,https://www.crunchbase.com/organization/moped,https://medium.com/@schuylerd/launching-sidestage-after-failing-at-my-first-startup-6a1e0dac2c4d,http://twitter.com/schuylerd
Jun 2014,Imercive,"360°, full motion, interactive video",stuck with the wrong strategy for too long,Imercive Post Mortem,@keithbnowak,https://www.crunchbase.com/organization/immersive-media,http://keithbnowak.com/post/55830173333/postmortem-of-my-first-company-a-reposting,https://twitter.com/keithbnowak
Jun 2014,99dresses,trade fashion items,"lack of product-market fit, and everything else in between","My startup failed, and this is what it feels like…",@nikkidurkin99,https://www.crunchbase.com/organization/99dresses,https://medium.com/@nikkidurkin99/my-startup-failed-and-this-is-what-it-feels-like-c5d64b3ae96b,http://twitter.com/nikkidurkin99
Jun 2014,Popin,"Private, mobile, location based social network",Idiotic customer development,Three years,@christopherbull,,http://christopherbull.name/2014/06/19/three-years/,https://twitter.com/christopherbull
May 2014,OpTier,Business transaction management software,Complex and buggy product,Find farewel to OpTier,@israelmazin,https://www.crunchbase.com/organization/optier,http://apmblog.dynatrace.com/2014/05/29/a-fond-farewell-to-optier/,http://twitter.com/israelmazin
May 2014,Bloom.fm,music streaming service,the deal fell through at the last minute,"Close,but no cigar",@oleg_bloom,https://www.crunchbase.com/organization/bloom-fm,http://bloomfm.tumblr.com/post/86324332678/close-but-no-cigar,https://twitter.com/oleg_bloom
May 2014,Manilla,online platform to manage accounts and pay bills ,unable to achieve scale necessary for viable economics,Manilla Is Shutting Down,@schinella,https://www.crunchbase.com/organization/manilla,http://techcrunch.com/2014/05/09/manilla-shuts-down/,https://twitter.com/schinella
May 2014,Pumodo,App for football players to share stats & accolades,We didn't obsess over it and we didn't love it,A startup postmortem with a happy ending? ..in Thailand,@tfridriksson,https://www.crunchbase.com/organization/pumodo,http://fridriksson.tumblr.com/post/86584610871/a-startup-postmortem-with-a-happy-ending-in#_=_,https://twitter.com/tfridriksson
May 2014,HowDo,"Place to discover, capture & share DIY & Craft guides",failed to make the goal possible,the last step,@edwardjewson,https://www.crunchbase.com/organization/howdo,http://blog.how.do/post/85902852382/the-last-step,https://twitter.com/edwardjewson
Apr 2014,Argyle,social media tools for B2B marketers,couldn’t compete with marketing giants,Argyle is shutting down our service,@Ericboggs,https://www.crunchbase.com/organization/argyle,http://venturebeat.com/2014/04/16/argyle-social-is-no-longer-in-fashion-startup-shuts-down-exclusive/,https://twitter.com/ericboggs
Apr 2015,orat.io,discussion platform & plugin,a lot of reasons,Another catchy headline why you should read this article about how my startup failed,@3x14159265,https://www.crunchbase.com/organization/orat-io,https://medium.com/@3x14159265/another-catchy-headline-why-you-should-read-this-article-how-my-startup-failed-ef58e3993a1b,http://twitter.com/3x14159265
Apr 2014,Stipple,"tag people, places, and objects in an image",did not scale fast enough,"""Stipple Shuts down""",@Premiumfixer,https://www.crunchbase.com/organization/stipple,http://blogs.wsj.com/venturecapital/2014/04/22/stipple-shuts-down-vc-backers-included-floodgate-kleiner-perkins/,https://twitter.com/premiumfixer
Apr 2014,Samba Mobile,ad funded data,high and increasing   unsustainable — data costs,Samba Closing down,@benartherton,https://www.crunchbase.com/organization/samba-mobile,http://telecoms.com/253092/samba-mobile-closes-down/,https://twitter.com/benatherton
Apr 2014,Zumbox,digitized transactional postal mail,time & cost to deliver was more than market was prepared to invest,Zumbox to shutter its operations,@yarone,https://www.crunchbase.com/organization/zumbox,http://blog.infotrends.com/?p=14891,https://twitter.com/yarone
Mar 2014,Needium,Social media lead generation for small businesses,Too early in market + extreme founder dilution,Seven Major Insights I Learned from my Failed Startup,@sebprovencher,https://angel.co/needium,http://founderfuel.com/day-23-seven-major-insights-i-learned-from-my-failed-startup-guest-post/,https://twitter.com/sebprovencher
Mar 2015,Critica,share your opinions on any website,did not have that traction. And so we ran out of money,My Startup Failed,@jasonhuertas,https://www.crunchbase.com/organization/critica,https://medium.com/@jasonhuertas/my-startup-failed-6c54bd68c654,http://twitter.com/jasonhuertas
Mar 2015,LayerVault,Version control for designers,Failed to generate enough revenue,LayerVault is shutting down,@kellysutton,https://angel.co/layervault,http://layervault.tumblr.com/post/113788354114/layervault-is-shutting-down,https://twitter.com/kellysutton
Mar 2014,World Burrow,make unused meeting rooms available for free,it would not work due to security restrictions,Why I’m Open Sourcing My Failed Startup,@nfeiglin,,http://techu.com.au/2014/03/open-source-startups/,http://twitter.com/nfeiglin
Mar 2014,Mochi Media,ad network for developers,another casualty in the decline of Flash,Mochi Media Winding down services,@etrepum,https://www.crunchbase.com/organization/mochimedia,http://techcrunch.com/2014/03/16/with-no-meaningful-position-beyond-flash-gaming-platform-mochi-media-will-close-march-31/,https://twitter.com/etrepum
Mar 2014,Salorix,social media management,the deal did not go through,Salorix shuts operations,@santanuB01,https://www.crunchbase.com/organization/salorix,http://articles.economictimes.indiatimes.com/2014-03-04/news/47894914_1_data-analytics-startups-bangalore-company,https://twitter.com/santanub01
Mar 2014,Exec,on demand house cleaning service,"demand was very spiky, customer activation was hard",What I learned from online to offline,@ghazviian,https://www.crunchbase.com/organization/exec,http://justinkan.com/exec-errands-post-mortem,https://twitter.com/ghazvinian
Mar 2014,Readmill,app to read and share ebooks,not possible to sell books on Apple’s platform at competitive price,Epiloque,@henrikberggren,https://www.crunchbase.com/organization/readmill,https://readmill.com,https://twitter.com/henrikberggren
Feb 2014,Blurtt,photo sharing app for iPhone,I started to feel burned out,Shutting down Blurtt,@jeanettec007,https://www.crunchbase.com/organization/blurtt,http://techcrunch.com/2014/02/16/shutting-down-blurtt/,http://twitter.com/jeanettec007
Jan 2014,Canvas/DrawQuest,Drawing/remixing community,out of cash,Today my startup failed: Story of Chris Pool — founder of 4chan and DrawQuest.,@moot,https://www.crunchbase.com/organization/canvas-networks,http://chrishateswriting.com/post/74083032842/today-my-startup-failed,http://twitter.com/moot
Jan 2014,Delight,visualize how users interact with apps,service does not give intermediate values to your users,Failed to delight : Post -moterm of my first startup,@thomaspun,https://www.crunchbase.com/organization/delight-2,https://medium.com/founder-stories/failed-to-delight-4de7ef031c3a,http://twitter.com/thomaspun
Jan 2014,Outbox,Digitizes physical mail,wasn't enough demand to support the cost model,Outbox Shuts Down Its Mail Digitizing Service,@Evanbaehr,https://www.crunchbase.com/organization/outbox,http://techcrunch.com/2014/01/21/outbox-shuts-down/,https://twitter.com/evanbaehr
Dec 2013,Exfm,music discovery platform,the high costs of processing millions of new songs every month,Changing Tune,@dankantor,https://www.crunchbase.com/product/exfm,http://blog.ex.fm/post/70615261278/changing-tune,https://twitter.com/dankantor
Dec 2013,Bookish,new destination to connect readers with books,a shallow container for banner ads,Bookish is a failing startup that could fundamentally change digital publishing,@lazyvalue,https://www.crunchbase.com/organization/bookish,https://medium.com/@lazyvalue/bookish-is-a-failing-startup-that-could-fundamentally-change-digital-publishing-d6cbe96c0bd8,http://twitter.com/lazyvalue
Dec 2013,Teamometer,time tracking software,fail to multiply big numbers,startup lessons learned from my first startup,@stekliney,https://www.crunchbase.com/organization/tahometer,http://www.sergioschuler.com/startup-lessons-learned-from-my-failed-startup/,https://twitter.com/steklineey
Dec 2013,Wahooly,Exchange startup equity for social advocacy,Ran out of money. Pivoted too soon. ,What Entreprenuerial Fear and Failure Look Like,@danerobert,https://www.crunchbase.com/organization/chasm-io,http://www.inc.com/dana-severson/what-entreprenuerial-fear-and-failure-look-like.html,http://twitter.com/danerobert
Dec 2013,Tigerbow,"send physical gifts by email, facebook and twitter",unable to execute on a strategy to drive early traction,Tis the Season for a Tigerbow Post Mortem,@itsdlevy,https://www.crunchbase.com/organization/tigerbow,http://www.alleywatch.com/2013/12/tis-the-season-for-a-tigerbow-post-mortem/,https://twitter.com/itsdlevy
Nov 2013,Everpix,the smart photo platform,failed to effectively position giants like Apple and Google,Out of the picture: why the world's best photo startup is going out of business,@wwayne,https://www.crunchbase.com/organization/everpix,http://www.theverge.com/2013/11/5/5039216/everpix-life-and-death-inside-the-worlds-best-photo-startup,https://twitter.com/wwayneee
Nov 2013,MyManual,Custom instructions for home theater equipment by scanning barcodes,Inexperience with building product,I fucked up,@barnettlklane,https://angel.co/mymanual,https://medium.com/@barnettlklane/i-fucked-up-d4b39a515c5b,http://twitter.com/barnettlklane
Oct 2013,Admazely,retargeting platform for web shops,ran out of funding,Startup Failure: How it feels,@pschlegel,https://www.crunchbase.com/organization/admazely,http://pschlegel.tumblr.com/post/62989782523/startup-failure-how-it-feels,http://twitter.com/pschlegel
Oct 2013,Travelllll,hottest travel news site on the planet,there was no real audience,Travelllll Post-Mortem,@JohnONolan,https://angel.co/travelllll-1,http://john.onolan.org/travelllll-post-mortem/,https://twitter.com/JohnONolan
Oct 2013,Shnergle,app that allows to view a place in real time,product wasn't getting the traction it needed,Shnergle Post Mortem,@JonnyBull2,https://www.crunchbase.com/organization/shnergle,https://www.techhub.com/blog/shnergle-post-mortem-an-honest-account-from-robert-tregaskes,https://twitter.com/jonnybull2
Oct 2013,UniSport,online hub for student sport,"""for a number of reasons""",Someone else is building my failed start-up. ,@tomcarra,,https://medium.com/@tomcarra/someone-else-is-building-my-failed-start-up-362826cc23c5,http://twitter.com/tomcarra
 September 2013,HitMeUp,Location-based flash sales,Lack of definition,Lessons learnt for Investors ,@ctapool,http://angel.co/hitmeup,http://www.recontinued.com/blog/hitmeup-post-mortem,https://twitter.com/ctapool
Sep 2013,Sonar,help users discover relevant contacts close by,everyone stood a better chance starting a new,Postmortem of a Venture-backed Startup: Lessons Learned from the rise and fall of @Sonar,@brett1211,https://www.crunchbase.com/organization/sonar-me,https://medium.com/@brett1211/postmortem-of-a-venture-backed-startup-72c6f8bec7df,http://twitter.com/brett1211
Sep 2013,Intellibank,online CRM solution,we did not achieve product-market fit,7 things I learned from startup failure,@puiwah,https://www.crunchbase.com/organization/intellibank,https://www.linkedin.com/pulse/20130923123247-758147-7-things-i-learned-from-startup-failure,https://twitter.com/puiwah
Sep 2013,Flud,a personalized mobile news platform,Not giving enough time to stress and load testing ,"Why Startups Fail: A Postmortem For Flud, The Social Newsreader",@ghoshal,https://www.crunchbase.com/product/flud,http://techcrunch.com/2013/09/22/why-startups-fail-a-postmortem-for-social-newsreader-flud-and-what-to-take-from-sonars-demise/,https://twitter.com/ghoshal
Aug 2013,Flowtab,app to order and pay for drinks at a bar or nightclub,hard to market ourselves properly in bars without being there,The decline and fall of Flowtab,@Mikettownsend,https://www.crunchbase.com/organization/flowtab,http://techcrunch.com/2013/08/31/the-decline-and-fall-of-flowtab-a-startup-story/,https://twitter.com/mikettownsend
Jul 2013,Pollarize,Social app that enables users to create an A/B question,"It was a free app that would've needed millions of users to get noticed, and selling it as a polling platform was never fully explored.",Failed startup,@wehtam,https://www.crunchbase.com/organization/pollarize-me,,http://twitter.com/wehtam
Jun 2013,Saaspire,relevancy platform,get the other sources stable before you can focus on the product,Lessons from my failed startup,@ninomarakovic,,https://medium.com/on-startups/5e912a457276,https://twitter.com/ninomarakovic
May 2013,Arkad,Investor relations software,Customer incentives were not aligned with buying the software,Lessons learned starting our first business,@boxerbk ,,http://blog.getarkad.com/post/50348770974/lessons-learned-starting-our-first-business,https://twitter.com/boxerbk
May 2013,Thrively,Radically simple 360 feedback for your team,"Lack of funding, no tech cofounder, challenging market",Shutting down my startup,@nickfassler,https://angel.co/thrive-ly-deadpool-1,http://nickfassler.com/2013/05/shutting-down-my-startup/,http://twitter.com/nickfassler
May 2013,Totsy,Flash sales for toddlers / young mothers,Cost per order > revenue per order + unsustainable marketing spend,"Totsy burns through $34 million, lays off its 83 employees, selling assets",@ggauthereau,https://www.crunchbase.com/organization/totsy,http://pando.com/2013/05/22/totsy-burns-through-34-million-lays-off-its-83-employees-selling-assets/,http://twitter.com/ggauthereau
Apr 2013,On-Q-ity,non-invasive diagnostic monitoring tools cancer patients,didn't have enough capital around the table,"On-Q-ity, a Cancer Diagnostic Company: R.I.P",@MaraAspina,https://www.crunchbase.com/organization/on-q-ity,http://lifescivc.com/2013/04/on-q-ity-a-cancer-diagnostic-company-r-i-p/,https://twitter.com/maraaspinall
Apr 2013,GroupSpaces,a membership management platform for groups,lack of product/market fit in the new markets,Looking back at 7 years with my startup GroupSpaces,@andyy,https://www.crunchbase.com/organization/groupspaces,http://insomanic.me.uk/post/48136679276/looking-back-at-7-years-with-my-startup,https://twitter.com/andyy
Apr 2013,Zillionears,creative pre-sale platform for musicians,people really didn’t really LIKE anything about our product,My Startup Failed. F@<#.,@nemrow,https://angel.co/zillionears,http://nemrow.tumblr.com/post/47728450959/my-startup-failed-fuck,https://twitter.com/nemrow
Mar 2013,Formspring,social platform to help people learn more about others,Our opaque follow-model shot us in the foot,Formspring- A postmortem,@adeolonoh,https://www.crunchbase.com/organization/formspring,http://blog.capwatkins.com/formspring-a-postmortem,https://twitter.com/adeolonoh
Feb 2013,Vitoto,create collaborative videos on smartphones,We were not playing to our strengths,Vitoto Offically Shutting Down,@morokuapps,https://angel.co/vitoto,http://www.abstract-living.com/why-vitoto-failed/,https://twitter.com/morokuapps
Feb 2013,Gowalla,Social guide to share & discover experiences and cities,someone else found a path to the goal with less friction,Play by your own rules.,@jw,https://www.crunchbase.com/organization/gowalla,https://medium.com/work-education/play-by-your-own-rules-6152adc41de9,https://twitter.com/jw
Jan 2013,Nokter,Foursquare for nightlife,People hang out usually same places with friends,Nokter - Foursquare for Nightlife,@alvaradomarcos9,https://www.crunchbase.com/organization/nokter,,http://twitter.com/alvaradomarcos9
Nov 2012,Parceld,style discovery platform,technical co-founder quit & pulled the code out from under me,Lessons from my failed startup,@brianne_garcia,,http://skillcrush.com/2012/11/14/lessons-from-my-failed-startup-parceld/,https://twitter.com/brianne_garcia
Aug 2012,Little Printer,"Send, receive & print messages/photos from anywhere",No sustainable business in connected products,The design company behind the Little Printer is dead,@genmon,https://www.crunchbase.com/product/little-printer,http://www.theverge.com/2014/9/9/6126517/berg-company-behind-little-printer-going-into-hibernation,http://twitter.com/genmon
Jun 2012,Bellstrike,Instant websites for Nonprofits,Not enough revenue per customer,Lessons learned from a self funded startup,@doddcaldwell,,http://blog.doddcaldwell.com/post/25472858251/lessons-learned-from-self-funded-startup,https://twitter.com/DoddCaldwell
Jan 2012,Plancast,social event sharing site,users don't develop a strong habit of contributing content,The Uphill Battle Of Social Event Sharing: A Post-Mortem for Plancast,@jaymon,https://www.crunchbase.com/organization/plancast,http://techcrunch.com/2012/01/22/post-mortem-for-plancast/,https://twitter.com/jaymon
Nov 2011,TalentArena,Community & marketplace for artists from different verticals.,Aim for perfection in product prevented a proper sales job.,How to fail a startup,@maxrockt,,http://hellomaxi.com/how-to-fail-a-startup/,http://twitter.com/maxrockt
Aug 2011,HelloParking,airbnb for parking,rarely had meaningful conversations with our target end-users,"Part Two of the HelloParking postmortem: a look back, and a new perspective",@chris_hoog,,http://chrishoog.com/the-helloparking-postmortem-a-look-back-and-a-new-perspective/,https://twitter.com/chris_hoog
Jul 2011,MyFavorites,Show + Tell Your Favorites,I was blowing cash — at a ridiculous pace.,The little startup that couldn’t (a postmortem of MyFavorites),@nb3004,,http://www.stevepoland.com/the-little-startup-that-couldnt-a-postmortem-of-myfavorites/,https://twitter.com/nb3004
Oct 2010,Standout Jobs,relationship focused recruiting portal,founding team couldn't build an MVP on its own,A Postmortem Analysis of Standout Jobs,@austinhill,https://www.crunchbase.com/organization/standoutjobs,http://www.instigatorblog.com/postmortem-analysis-of-standout-jobs/2010/10/05/,https://twitter.com/austinhill
Oct 2010,Wesabe,personal finance management platform,most people use a shorter-term alternative if available,Why Wesabe Lost to Mint,@Marcprecipipe ,https://www.crunchbase.com/organization/wesabe,http://blog.precipice.org/why-wesabe-lost-to-mint/,https://twitter.com/marcprecipice
Sep 2010,NewsTilt,a platform for the new model of journalism,weren’t intrinsically motivated by news and journalism,Why we shut NewsTilt down,@paulbiggar,https://www.crunchbase.com/product/newstilt,http://blog.paulbiggar.com/archive/why-we-shut-newstilt-down/,http://twitter.com/paulbiggar
Aug 2010,RiotVine,social event guide,never generated the traction,Post-moterm,@KabirH,https://www.crunchbase.com/organization/riotvine,https://riotvine.wordpress.com/2010/08/09/post-mortem/,https://twitter.com/KabirH
Jun 2010,YouCastr,monetize online video,we weren't in love with the idea or market,YouCastr- a post mortem,@Arieldiaz,https://www.crunchbase.com/organization/youcastr,http://theambitiouslife.com/post/48691070654/youcastr-a-post-mortem,https://twitter.com/arieldiaz
Jun 2010,eCrowds,web content management meets social networking,too much time building it for ourselves & not getting feedback,Post Mortem on a Failed Product,@Davidklanac,https://www.crunchbase.com/product/ecrowds,http://davidcummings.org/2010/06/04/post-mortem-on-a-failed-product/,https://twitter.com/davidklanac
Nov 2010,CertTime,Digital timestamping service,Wrong audience,CertTime,@apankrat,,http://swapped.cc/certtime,https://twitter.com/apankrat?lang=en
Apr 2010,Devver,turns desktop tools into cloud-based services. ,focused on engineering first & customers second,Lessons Learned,@davidcohen,https://www.crunchbase.com/organization/devver,https://devver.wordpress.com/2010/04/26/lessons-learned/,https://twitter.com/davidcohen
Mar 2010,SMSnoodle,SMS based entertainment channel for Singapore,overestimated the Singapore market,4 Mistakes Made And Lessons Learnt by Vijay of SMSnoodle,@vijaykganesan,,https://www.techinasia.com/4-mistakes-made-and-lessons-learnt-by-vijay-of-smsnoodle/,http://twitter.com/vijaykganesan
Feb 2010,EventVue,Online communities to connect conference attendees,didn’t focus on learning & failing fast until it was too late,EventVue-Post mortem,@joshfraser,https://www.crunchbase.com/organization/eventvue,https://www.facebook.com/notes/eventvue/eventvue-post-mortem/470086850385,https://twitter.com/joshfraser
Aug 2009,Lookery,Enable social networks to distribute data as targeting info,dependant on another platform,Couldery shouldery,@sawickipedia,https://www.crunchbase.com/organization/lookery,http://rafer.net/post/168541483/lookeryupdate,https://twitter.com/sawickipedia
Jul 2009,Sampa,"Platform for families & friends to share stories, photos, events and milestones",Not big enough pain at a time Facebook made sharing so easy (2008-ish),"Anything and Everything About Sampa, From Business to Personal",@calbucci,https://www.crunchbase.com/organization/sampa,http://blog.calbucci.com/2009/07/31/anything-and-everything-about-sampa-from-business-to-personal/,http://twitter.com/calbucci
Jul 2009,TeeBeeDee,social network for people over 40,did not scale,Turning Out the Lights,,https://www.crunchbase.com/organization/teebeedee,http://blogs.wsj.com/venturecapital/2009/07/14/turning-out-the-lights-baby-boomer-social-network-teebeedee/,
Apr 2009,PlayCafe,an online game show network,we didn't reach enough users,10 lessons from a failed startup,@devnag,https://www.crunchbase.com/organization/playcafe,http://venturebeat.com/2009/04/29/10-lessons-from-a-failed-startup/,https://twitter.com/devnag
Jan 2009,Overto,auction aggregation service,no one of us was skilled in that area,Lessons Learned: Startup Failure Part 1,@pawelbrodzinski,,http://brodzinski.com/2009/01/lessons-learned-startup-failure-part-1.html,http://twitter.com/pawelbrodzinski
Dec 2008,Diffle,social network based on simple 2D flash games,it ended up going nowhere',Aftermath,@jontang,,http://diffle-history.blogspot.de/2008/12/aftermath.html,https://twitter.com/jontang
Jul 2008,Monitor110,data and information gathering service,not close enough to the customer,Monitor 110: A post mortem,@infoarbitrage,https://www.crunchbase.com/organization/monitor110,http://informationarbitrage.com/post/698402433/monitor110-a-post-mortem,https://twitter.com/infoarbitrage
Jun 2008,BricaBox,personal social content,"tackled a technical problem, not a Market Problem",BricaBos: Goodbye World,@kylebragger,https://www.crunchbase.com/organization/bricabox,http://innonate.com/blog/2008/06/19/bricabox-goodbye-world,https://www.crunchbase.com/person/kyle-bragger
May 2008,Meetro,a multi-network social messenger,people just weren't excited about the idea',Anatomy Of A Failure: Lessons Learned,@Vlauria,https://www.crunchbase.com/organization/meetro,http://techcrunch.com/2008/05/20/anatomy-of-a-failure-lessons-learned/,https://twitter.com/vlauria
May 2008,Kiko,an online calendar,"too slow at times, and focused on the wrong thing at times","Lessons from Kiko, web 2.0 startup, about Its Failure",@justinkan,https://www.crunchbase.com/organization/kiko,https://hitechstartups.wordpress.com/2008/05/23/lessons-from-kiko-web-20-startup-about-its-failure/,https://twitter.com/justinkan
Apr 2008,Nouncer,micro-blogging service,lacked the audience my product needed to succeed,The Last AnNounce(r)ment,@eranhammer,https://www.crunchbase.com/organization/nouncer,http://hueniverse.com/2008/04/25/the-last-announcerment/,https://twitter.com/eranhammer
Jul 2007,Backfence,create hyper-local community sites,internal problems made it impossible to reach transition point,Co-Founder Potts Shares Lessons Learned from Backfence Bust,@pottsmark,https://www.crunchbase.com/organization/backfence,http://www.pbs.org/mediashift/2007/07/co-founder-potts-shares-lessons-learned-from-backfence-bust197,https://twitter.com/pottsmark
Jan 2007,Bitpass,Online micropayments,"crappy business model, tried to do too much, lack of focus",Bitpass Croaks: Is This the End of Micropayments?,@_nvs,https://www.crunchbase.com/organization/bitpass,http://venturebeat.com/2007/01/19/bitpass-croaks-is-this-the-end-of-micropayments/,http://twitter.com/_nvs
Jul 2006,Cryptine,information security services,the board couldn't break the deadlock,key lessons from Cryptine network's failure,@nunderwood,https://www.crunchbase.com/organization/cryptine-networks,http://andrewbfife.blogspot.com/2006/07/key-lessons-from-cryptine-networks.html,https://twitter.com/nunderwood
May 2000,Boo.com,High End Sportwear e-tailer,"High ambitions, poor execution",Boo.com goes bust,,https://www.crunchbase.com/organization/boo-com#/entity,http://www.tnl.net/blog/2000/05/19/boocom-goes-bust/,
